{"c0": [0.01453619046330959, 24.275320784271102, -0.011530718786347621], "t0": [6.821254641131159, 1.7414812358860177, -4.67577560418307], "spectral_index": [-0.10182105213987389, 1.4963059498249698, -1.0835810907681735], "DM_err": [-6.164484216472143e-05, 0.000498212042012349, -0.00044907353549112315], "zeta": [0.10469953128341668, 0.02020984273208687, -0.09580449489453623], "tau_1GHz": [0.30107747493382514, 0.09848128653257204, -0.06276704687888768], "alpha": [3.8812926143518105, 0.4277219723262409, -0.40102739754442807], "initial_params": {"c0_init": 0.02096015214920044, "t0_init": 6.88191627184466, "gamma_init": -2, "DM_err_init": 0.0, "zeta_init": 0.15, "tau_init": 0.3, "alpha_init": 4.0}, "prior_bounds": {"c0": [0.001, 100], "t0": [0.0, 13.631488], "spectral_index": [-5, 5], "DM_err": [-0.001, 0.001], "zeta": [0, 0.2], "tau_1GHz": [0, 0.5], "alpha": [3, 5]}}