{"c0": [0.015814002107435103, 13.593363068749099, -0.010225099536316899], "t0": [6.832946401427386, 3.1417883244834455, -0.030972354879848396], "spectral_index": [-2.0794427535730824, 3.237722526081478, -2.6496756132745807], "DM_err": [-0.0004265098174396044, 0.0006081531494614612, -0.0002300055224328398], "zeta": [0.12438049369264462, 0.014371656528629706, -0.1175662001260521], "tau_1GHz": [0.3758115763662497, 0.08342374416866355, -0.08025832972917774], "alpha": [4.308427153573794, 0.355539821938879, -0.7486232645806283], "initial_params": {"c0_init": 0.02096015214920044, "t0_init": 6.88191627184466, "gamma_init": -2, "DM_err_init": 0.0, "zeta_init": 0.1, "tau_init": 0.3, "alpha_init": 4.0}, "prior_bounds": {"c0": [0.001, 100], "t0": [0.0, 13.631488], "spectral_index": [-5, 5], "DM_err": [-0.001, 0.001], "zeta": [0, 0.2], "tau_1GHz": [0, 0.5], "alpha": [3, 5]}}