{"c0": [1.252314919198345, 7.913785327372829, -0.2725614834040988], "t0": [32.96097373187715, 0.36600268939239555, -8.239307266671027], "spectral_index": [0.022926204219917423, 2.072045276395351, -1.72605996810122], "DM_err": [0.000150024984878399, 0.00044644739819391273, -0.00048436081899040195], "zeta": [0.521444452371354, 0.16868181199500054, -0.4542792802000995], "tau_1GHz": [15.099556327303649, 2.573813370970374, -4.098062617377218], "alpha": [3.6453283356636073, 0.29656008310211535, -0.29183561678853875], "initial_params": {"c0_init": 0.08762553288386418, "t0_init": 32.81454387596899, "gamma_init": -2, "DM_err_init": 0.0, "zeta_init": 0.5, "tau_init": 18, "alpha_init": 4.0}, "prior_bounds": {"c0": [0.001, 100], "t0": [0.0, 68.15744], "spectral_index": [-5, 5], "DM_err": [-0.001, 0.001], "zeta": [0, 1], "tau_1GHz": [0, 20], "alpha": [3, 5]}}